Top pages,Clicks,Impressions,CTR,Position
https://goexecution.com/,9,48,18.75%,5.54
https://goexecution.com/about/,1,17,5.88%,8.29
https://goexecution.com/website-design-development/,1,7,14.29%,16.29
https://goexecution.com/digital-marketing/,0,48,0.00%,80.23
https://goexecution.com/how-long-does-seo-take-for-new-website/,0,31,0.00%,68.29
https://goexecution.com/contact/,0,15,0.00%,61.13
https://goexecution.com/portfolio/,0,10,0.00%,14.80
https://goexecution.com/mobile-apps/,0,10,0.00%,27.10
https://goexecution.com/about-us/,0,9,0.00%,27.67
https://goexecution.com/terms-and-conditions/,0,8,0.00%,6.38
https://goexecution.com/pricing/,0,7,0.00%,4.29
https://goexecution.com/blog/,0,7,0.00%,5.00
https://goexecution.com/logo-design/,0,7,0.00%,8.29
https://goexecution.com/blog/how-much-does-custom-web-development-cost/,0,6,0.00%,52.83
https://goexecution.com/why-your-business-website-is-not-ranking/,0,3,0.00%,5.67
https://goexecution.com/portfolio/website-design-development-project-3/,0,1,0.00%,4.00