Top queries,Clicks,Impressions,CTR,Position
marketing execution services,0,42,0.00%,84.76
how many hours should i estimate for site migration seo,0,5,0.00%,81.00
seo process for new website,0,5,0.00%,81.20
cost of custom web development 2026,0,3,0.00%,85.67
go execution,0,2,0.00%,8.00
custom web development pricing,0,2,0.00%,29.00
"""adair homes"" -site:reddit.com -site:twitter.com -site:x.com -site:wykop.pl 
-site:tripadvisor.com -site:youtube.com -site:yelp.com -site:booking.com 
-site:facebook.com -site:instagram.com -site:tiktok.com",0,1,0.00%,4.00
go,0,1,0.00%,10.00
execution app,0,1,0.00%,47.00
execution apps,0,1,0.00%,62.00
how long does seo for site migration take,0,1,0.00%,87.00
seo website relaunch,0,1,0.00%,87.00
how long does seo take to set up,0,1,0.00%,94.00
"""gymdesk""",0,1,0.00%,96.00
how long does seo take for a new website,0,1,0.00%,98.00
seo for a new website,0,1,0.00%,100.00